referral_id,referrer_id,referee_id,referral_date
1,8,72,17/05/2025
2,98,19,17/06/2025
3,11,81,10/09/2024
4,21,13,28/04/2025
5,63,43,10/12/2024
6,5,27,14/04/2025
7,82,19,15/05/2025
8,25,43,20/03/2025
9,41,31,15/08/2024
10,21,11,15/03/2025
11,17,42,12/08/2024
12,18,37,17/01/2025
13,51,71,01/12/2024
14,79,74,19/12/2024
15,84,11,15/06/2025
16,94,60,03/05/2025
17,85,44,01/11/2024
18,52,18,18/10/2024
19,14,55,28/08/2024
20,80,77,14/05/2025
21,80,14,07/02/2025
22,35,84,08/06/2025
23,87,76,22/03/2025
24,32,95,19/11/2024
25,20,89,17/10/2024
26,67,42,14/02/2025
27,47,98,01/06/2025
28,41,56,24/01/2025
29,17,23,08/02/2025
30,42,34,16/03/2025
31,35,95,07/01/2025
32,18,73,09/05/2025
33,32,59,08/07/2024
34,54,27,22/08/2024
35,83,24,17/01/2025
36,10,57,04/12/2024
37,100,97,09/06/2025
38,3,72,21/09/2024
39,84,19,09/04/2025
40,93,31,03/06/2025
41,12,79,05/03/2025
42,58,34,08/02/2025
43,76,67,08/05/2025
44,14,73,17/11/2024
45,96,22,27/05/2025
46,45,53,30/01/2025
47,76,45,27/07/2024
48,60,10,02/07/2024
49,3,61,02/05/2025
50,35,71,23/02/2025
51,83,57,11/04/2025
52,67,85,25/05/2025
53,48,28,30/06/2024
54,38,60,02/04/2025
55,84,29,17/12/2024
56,78,34,04/04/2025
57,7,95,23/08/2024
58,33,36,23/02/2025
59,25,54,08/02/2025
60,76,96,20/04/2025
61,49,95,22/12/2024
62,19,72,03/11/2024
63,19,39,18/02/2025
64,20,69,22/03/2025
65,60,89,12/12/2024
66,24,71,11/02/2025
67,65,88,18/07/2024
68,2,56,20/01/2025
69,81,56,09/05/2025
70,16,32,17/11/2024
71,17,74,03/04/2025
72,48,54,01/06/2025
73,99,99,31/01/2025
74,97,12,09/10/2024
75,51,76,28/03/2025
76,85,87,05/10/2024
77,12,89,30/01/2025
78,90,84,16/04/2025
79,53,50,11/09/2024
80,30,96,12/04/2025
81,33,75,06/03/2025
82,11,68,08/03/2025
83,19,14,05/02/2025
84,92,43,07/01/2025
85,50,21,23/01/2025
86,2,48,28/11/2024
87,17,23,15/01/2025
88,36,93,03/09/2024
89,15,62,27/07/2024
90,47,89,01/06/2025
91,9,76,20/09/2024
92,26,46,30/12/2024
93,66,17,10/06/2025
94,43,85,16/05/2025
95,95,54,19/04/2025
96,42,35,06/11/2024
97,39,72,19/05/2025
98,23,38,24/10/2024
99,34,56,02/04/2025
100,4,93,28/02/2025
